1,2,234,345,423,6,6
d,dff,e,er,ff,s,s,s,ss
1,2,2,3,32d,ds,s
d,d,fco,g,j,juan,r,s,s,stenner
d,s
0,8.88889E+21
f,g
-1,-1000,-22
-88,33,5
-99,0,1,21,3,4,44,66,9
1,10,2,3,4
1,10
1016400,1035100,1056300,1064600,1100100,1110900,1116700,1214700,1220500,1233100,1284100,1313700,1334300,1349800,1351700,1356700,1397100,1427300,1439200,1444500,1447900,1458400,1467500,1494700,1519100,1536800,1542000,1551200,1621700,1623000,1699100,1702500,1741700,1741900,1854000,1909500,1955200,1969300,2062100,2102700,2207100,2236900,2456800,3016500,4014100,4508300,714100,932400,978600,985400,986800
0,0,0,0,0,0
0
1,1,1,1,2,2,2,3,3,3
r,t,t,t,t,tq,w,w
-1,1,2,3,4,5,6
0,1,2,3,4,5,6
10000000,10008500,10012700,10014700,10020300,10037600,10061900,10075700,10078100,10085800,10093600,101.253921,101.848323,10105600,10117300,10119300,10134100,10158300,1016400,10175300,10182700,10190600,10193800,10198400,102.00817,102.078094,102.877296,10216000,10220800,10223200,10228500,1024100,10253000,10271500,10275500,10284100,10287300,10307200,1035100,10365600,10420400,10434200,10447400,10452800,10461000,10475000,10481200,10487900,10490500,10491700,105.324858,10502300,10512100,10512500,10513100,10513300,10519400,10521800,10530000,10544500,1056300,10616100,10618300,10624500,10633600,1064600,10648900,10669400,10679200,10683600,107.797384,10718100,10736900,10759700,10763900,10765700,10772300,10779400,10800,10803000,10804200,10811500,10849100,10859500,10860500,10861500,10880300,10880500,10893200,109.265923,109.615575,109.780409,109.890299,10909600,10925100,10935700,10953400,10967300,10970300,10976700,10999800,1100100,11012600,11013000,11024200,11034100,11043800,11059400,11063200,11073100,11073900,11091300,11095100,11096100,111.034157,111.653537,11105200,1110900,11115000,11122000,11127200,11131400,11142200,11158600,1116700,11174200,11178100,11185900,11186100,11196700,112.897294,112.982213,11251000,11253200,11267200,11269600,113.376818,113.78641,113.8963,11304900,11305500,11312900,11323400,11324400,11325400,11352100,11360600,11361400,11367200,11383400,11388200,11391600,11398100,114.136062,114.245952,114.505689,11403300,11403900,11405300,11408700,11417700,11421500,11426700,11440200,11465100,11487000,115.409785,115.529666,11517500,11529300,11530700,11552100,11556300,11565300,11566900,116.448749,11601800,11607200,11620300,11622700,11622900,11634300,11639900,11649800,11667300,11676900,11686900,11688800,11695600,11706800,11708000,11713600,11720800,11723000,11726700,11750200,11773700,11782300,11794300,11797400,11838500,11847200,11850200,11851200,11852800,11853800,11862400,11868000,11891500,11895500,119.460747,119.470738,11902500,11905500,11908400,11913400,1191700,11923800,11931400,11953600,1196200,11981700,11987300,11991700,120.68452,12010900,12014500,12042800,12051500,12079000,12079600,12094100,12095700,12101100,12106100,12129000,12136800,12140200,12141400,1214700,12162400,12164000,12175400,12187400,12198000,1220500,12205500,12231700,12237400,12246500,12253900,12268700,12292000,12324100,1233100,12351500,12361100,12364300,12364700,12394400,12400200,12404200,12404600,12410200,12415000,12420700,12447800,12462100,12462500,12480700,12500200,12516200,12518800,12554800,12562800,12568700,12603000,12609000,12613000,12617800,12620000,12628400,12657800,12662600,12677900,127.597625,127.872349,12701300,12715800,12739000,12748400,12757800,12760800,12761000,12764000,12765800,1277700,12784700,128.591636,12802300,12820600,1284100,12854700,12876600,12887000,12898500,129.470753,129.650567,12926300,12975800,12984600,12987800,12991000,12991200,12994400,130.274943,13000800,13001800,13006300,13008700,13017100,13030700,13041800,13052300,13084600,13091200,13098400,131.084136,13100,13103200,13108600,13117100,1313700,13149700,13154900,13157500,13158100,13160700,13162100,13169100,13175300,13179500,13183900,13198000,132.862369,132.867357,13216400,13221000,13223100,13223300,13248300,13255000,13257400,13257400,13275500,13276100,13299000,13304400,13310400,13317800,1334300,13348700,13353600,13366200,13373500,13374300,13374500,13378700,13444900,13446500,13448300,13455800,13493100,1349800,13510700,1351700,13526200,13529800,1354100,13557400,1356700,13574200,13577600,13578400,13587900,13591300,13598900,136.86837,13607500,13614100,13622100,13631000,13638200,13651700,13677000,13685800,13698500,137.033205,137.262976,137.417819,13708900,13750000,13759500,13793200,13795600,13797600,138.496748,138.581652,13805000,13808100,13809500,13818300,13823300,13831300,13852900,139.036205,139.575662,139.640598,139.65059,139.85539,139.860378,139.950285,139.99025,13900800,13930700,13939500,13943500,13944900,13952300,13958700,13969500,1397100,13984100,13987500,140.010233,140.884362,14033700,14049900,14073900,14079500,141.10913,141.144092,141.154083,141.234014,141.234014,141.648587,141.853387,141.85839,141.883361,14100000,14103000,14103800,14104400,14116000,14120600,14128800,14172100,14180700,14182100,14187900,142.407839,142.682563,142.697542,142.857389,142.982258,14208600,14233000,14248700,14249500,14255200,14260600,14265800,14266600,14271600,1427300,14288100,14289100,143.012232,143.207041,143.411841,143.491756,143.736506,143.776472,143.806446,143.856387,14343200,1435000,14387000,1439200,144.08117,144.08117,144.505749,144.710534,144.715537,1444500,14461300,14467800,14470400,1447900,14479800,14489800,145.299948,145.324919,145.354893,145.479777,145.479777,145.614638,145.639608,145.659591,145.74451,145.899353,14500900,14513300,14522500,14528500,14545800,14583200,1458400,146.029226,146.214043,146.333924,146.41384,146.528717,146.603645,146.928326,14610100,14622100,14625500,14634900,1467500,14694000,147.287969,147.547699,147.622626,147.707545,147.777469,147.89735,147.922336,147.96729,14704200,147100,14727900,1473800,14754700,14773100,14773700,148.316942,148.406849,148.476773,148.501759,148.561692,148.561692,148.571683,148.716535,148.861387,14827600,1485200,14863800,14886500,14898100,149.280978,149.345914,149.395856,149.445813,149.620638,149.685575,149.910342,149.950308,149.960299,14902200,14925000,14928800,14935000,1494700,14952500,14971000,14996100,150.030223,150.294956,150.334921,150.334921,150.444811,150.849408,150.904353,15023400,15044000,15044200,15049300,15055100,15075400,15086100,151.049204,151.159094,151.323929,151.348915,151.388865,151.40386,151.448813,151.488778,151.74352,151.898363,15123800,15135600,15140000,15143400,15144000,15149600,15160800,15165600,15190000,15190400,1519100,15194500,15196700,152.347913,152.667591,152.832425,152.84742,152.897362,15216300,15223300,15231000,15248800,15274200,153.097158,153.671593,153.801465,153.931338,15318500,15319700,15323300,15329900,15344000,15365300,1536800,15370500,15375500,15394400,154.131134,154.19607,154.256003,154.655612,154.715545,154.795476,154.855409,154.930336,154.985281,1542000,15440300,15457600,15470700,155.170098,155.18009,155.200072,155.344924,155.529741,155.574695,155.684585,155.794474,155.844416,155.884381,15511000,1551200,156.18908,156.219054,156.338935,156.813456,156.813456,156.983293,15602200,15627800,15653500,15674300,15676300,15695300,15695300,157.003261,157.377899,157.462802,157.52275,157.722547,15708200,15727800,15735000,15787100,158.072199,158.796473,15832400,15834200,15835400,15850000,15854100,15865200,15892300,159.181087,159.231044,159.300968,159.685582,15909300,15917100,15936400,15938600,15989600,160.499779,160.844427,16022300,16035000,16037600,16045600,16047400,16054600,16060500,16083400,16093200,16093800,161.603679,161.773501,16116700,16124700,16152400,1615800,162.048226,162.188089,162.43284,162.477808,162.577707,16204000,16204800,16210400,16213200,1621700,16220700,1623000,16232700,16249900,16271500,163.416859,163.861421,16306200,16336100,16349500,16379700,16388100,16388700,164.32595,164.580707,164.805475,164.865423,164.915364,16410600,16416800,16450500,16495100,165.40488,165.444845,165.574702,165.834447,1652000,1653400,16534800,16580800,16583100,16595900,166.383896,166.86342,16602500,16608900,167.50279,16719100,16738200,16754600,16789200,168.361925,168.421873,168.581705,168.82647,168.886403,16804100,16808300,16843400,1688000,1688500,1689000,1689100,169.096191,169.216072,169.415869,169.475817,169.72557,169.780515,169.790506,169.940346,16918100,16923100,16935700,16939900,16954000,16967700,1699100,170.055239,170.115172,170.649641,170.774526,170.949352,17009400,1702500,17031100,17035300,1704300,171.019276,171.149148,171.15914,171.174119,171.328962,171.328962,171.488809,171.488809,171.863431,17100800,17102000,17123600,17137500,17143100,17149100,17167500,172.078222,172.552743,172.677612,172.832471,17209800,17213800,1723800,17242100,17243100,17244500,17250500,17261300,17273200,173.05225,173.072218,173.282021,173.411878,173.676626,173.85644,173.921376,17314400,17355900,1736700,17385300,17399700,174.126176,174.151147,174.161139,1741700,1741900,17430600,17435400,17437000,17455400,1746200,175.404902,175.984325,1751100,17538800,17541400,17554200,176.333961,176.353944,176.37893,176.468837,176.683613,176.763544,176.868431,17601200,17604300,17640500,177.542763,177.657641,1771100,17715900,17719900,17738900,17749900,178.661643,178.821489,178.841472,178.906393,17833900,1784700,17852100,17875500,17875700,17877700,17881700,17886700,17889300,179.076231,179.146155,179.206103,179.50081,179.665645,17915400,17946300,17947700,17958500,17963300,180.819487,18033200,18070600,18082300,181.06924,181.124185,181.129188,181.174142,181.194124,181.343964,18103300,18153300,1816400,18195900,182.043268,182.218094,182.562757,182.717601,18262300,183.04727,183.112206,183.287032,183.431884,183.776532,183.866454,183.936379,18322100,18325700,1832600,18342800,18349600,18357000,18364000,18371200,18389200,184.066251,184.19112,184.19112,184.271051,184.355955,184.53078,184.660653,184.705606,184.825487,18409100,18443700,18493400,185.290032,185.310015,185.419905,185.454867,185.464858,185.724588,185.784536,185.884434,1851800,18524300,1854000,18586100,186.064248,186.084231,186.443874,186.528793,186.678648,186.738581,186.878445,186.913407,1866600,18682100,18692100,18695300,187.033288,187.063262,187.507809,187.567757,187.602719,187.912405,18710000,18772000,188.03729,188.28204,188.411912,188.461869,188.511811,188.736593,188.786535,188.846483,188.86645,188.901428,188.956373,1883100,18872200,189.056271,189.076254,189.111216,189.196135,189.286042,189.38594,189.460868,189.470859,189.500818,189.530792,189.560766,189.650673,189.880444,18921400,18934000,190.185142,190.28504,190.295032,190.310011,190.310011,190.320002,190.434895,190.484837,190.544785,190.579747,190.584735,1905500,19074200,1909500,191.009315,191.119204,191.304021,191.488839,191.663665,191.738592,191.85347,191.988346,19105500,1912500,19179200,192.003325,192.15318,192.357965,192.557777,192.707617,192.782544,192.782544,19209600,19254800,19263800,19265200,193.062272,193.06726,193.092246,193.107225,193.262068,193.307022,193.36697,193.391941,193.556775,193.666665,193.866462,193.876453,1932100,1934500,19352700,19389900,19398200,194.026308,194.176163,194.48585,194.550786,194.575757,194.655672,194.755586,194.800539,194.805527,194.805527,194.860472,194.995333,19454100,19456900,195.005324,195.020319,195.050278,195.155179,195.255077,195.305034,195.354976,195.539793,195.754584,195.924407,19505800,1955200,19562700,19586300,196.204135,196.453888,196.553786,196.648681,196.888443,196.95338,19607900,19609500,19632000,19650500,1969300,197.178162,197.193142,197.203133,197.29304,197.318026,197.787559,197.822521,19707300,19735800,19742600,19754800,198.052292,198.107237,198.117228,198.222114,198.287051,198.302045,198.391952,198.876464,19860000,19862800,1986300,199.241096,199.251087,199.301044,199.306032,199.530815,199.775565,199.905437,19901000,200.06028,200.519822,200.68966,200.749592,200.789558,200.864485,200.879465,200.95938,20021700,20086900,201.044299,201.259091,201.28905,201.294053,201.324027,201.523824,201.533815,201.548794,201.568777,201.58876,201.688658,201.703638,201.788556,201.788556,201.818531,201.908437,201.908437,201.918429,201.968386,201.978362,20108400,20177500,20184700,202.068284,202.228115,202.253101,202.577767,202.637715,202.722619,202.852491,202.877477,2021300,20244900,20245500,20250700,20259300,203.082262,203.207146,203.222126,203.232117,203.461888,203.471879,203.741615,203.786569,203.791557,20315200,20319600,20326400,20369100,204.04131,204.196153,204.211133,204.271081,204.39595,204.440904,204.475881,204.60075,204.625721,204.735611,204.990367,204.995355,20446400,2046000,205.045312,205.120224,205.384973,205.654694,205.699647,20500900,2052300,20531200,20565700,20596400,206.099256,206.603751,206.82353,206.838509,206.873487,206.993368,20606500,2062100,20655800,20676900,207.038321,207.13822,207.223139,207.293063,207.372978,207.642715,207.677677,207.79257,207.982375,20747600,20796600,208.027328,208.177184,208.406954,208.416946,208.536827,208.641713,208.696658,208.761594,208.891467,20800000,20835300,20850700,20851900,20893200,209.121237,209.271092,209.286072,209.445918,209.45591,209.725631,209.765596,209.805561,209.83552,209.865494,20906800,20922200,20946900,20972400,210.015349,210.04032,210.110244,210.519844,210.584781,210.664696,2100300,21012200,2101700,21026400,2102700,2104100,211.064305,211.219148,211.383983,211.388971,211.528834,211.858503,211.938419,2112800,21199100,212.068291,212.088274,212.108257,212.133228,212.208155,212.447917,212.772598,212.817552,212.952412,21209900,21214500,21231800,21274900,213.037331,213.067305,213.112259,213.132226,213.197162,213.367,213.436924,213.506864,213.536823,213.631733,213.736635,213.986388,21340600,21367300,21367700,2137500,21398200,214.096278,214.286083,214.286083,214.420944,214.655718,214.855514,214.860502,214.870494,214.910459,21413100,21415300,21424100,21464200,2148500,215.25012,215.305064,215.609763,215.784589,215.804571,21541900,21545900,216.084284,216.114258,216.13424,216.28408,216.458906,216.528846,216.55882,216.658718,216.713663,216.918448,21606400,2162200,21623100,21697600,217.338039,217.397972,217.59278,217.817563,217.902467,218.007368,218.05731,218.332049,218.451931,218.611762,218.741634,218.82155,218.866503,219.12126,219.166213,219.321057,219.361022,219.525857,219.580801,219.700683,219.705671,219.870505,219.920462,2191700,2199100,220.015357,220.030352,220.205177,220.255119,22003100,2207100,22099300,221.079307,221.244141,221.284092,221.294083,221.294083,221.304074,221.763616,221.818561,221.90348,221.938442,22101700,22191600,222.078305,222.178204,222.223157,222.233149,222.253131,222.397983,222.417966,222.417966,222.59778,222.872504,22211300,22259800,22297600,2229900,223.137252,223.197185,223.391994,223.626752,223.776608,223.891485,2233500,22337700,2236900,22376600,224.161222,224.351027,224.500882,224.545835,224.785598,224.875504,224.905479,224.955435,22467400,22490500,225.165223,225.265122,225.345037,225.394994,225.469922,225.604782,225.879506,22525200,22527800,2255500,22599700,226.119268,226.254129,226.279115,226.638743,226.743644,226.903491,22636000,22669300,227.083305,227.133262,227.148241,227.288105,227.333058,227.562829,227.592803,227.652736,227.872515,2271600,2275800,22777500,228.047341,228.052345,228.077315,228.282115,228.322066,228.496891,228.531854,228.536857,228.546848,228.771616,228.851547,228.866526,228.916483,22805900,22830600,2286000,22861400,22881700,229.036364,229.061335,229.081317,229.186204,229.321079,229.575821,229.605795,229.770629,229.935464,229.975414,22942800,22961400,230.010392,230.050342,230.230171,230.419976,230.504895,230.504895,230.604794,230.659738,230.684709,230.70968,230.714683,230.779619,230.789611,230.909492,23027900,23043500,23045900,23050400,23093200,231.04934,231.169221,231.219178,231.269135,231.359042,231.413987,231.578821,231.583809,231.753647,231.803589,231.863537,231.863537,231.968423,231.973427,232.033359,232.143249,232.233171,232.268134,232.388015,232.393003,232.597803,232.617785,232.622773,232.657735,232.732663,232.797599,232.857547,232.89251,232.912492,23219400,23241500,2326000,233.017379,233.13726,233.172222,233.217191,233.322077,233.347048,233.401992,233.461941,233.511882,233.516886,233.561839,233.671729,233.696699,233.751644,233.766639,233.781618,233.871525,23383000,234.056343,234.081313,234.13127,234.166232,234.266131,234.306096,234.391015,234.645756,234.720684,234.735663,234.770626,234.915493,234.925484,23419200,2342100,235.055341,235.065332,235.075324,235.23517,235.245162,235.275136,235.280124,235.310098,235.325077,235.355051,235.449962,235.45495,235.504907,235.519886,235.579819,235.58981,235.664738,235.789622,235.804602,235.814593,235.834576,23579100,23597300,236.049352,236.064346,236.069334,236.079326,236.104296,236.164245,236.194219,236.379021,236.418986,236.538867,236.638766,236.653745,236.748655,236.773626,236.843566,236.89851,236.928484,2365300,23686300,237.203209,237.263142,237.268145,237.313098,237.32309,237.36304,237.45795,237.497916,237.572828,237.67773,237.687721,237.692709,237.692709,237.767636,237.832573,237.852555,237.957457,23703900,2371500,2373500,23741400,238.047364,238.172233,238.237169,238.297118,238.317085,238.322088,238.342071,238.511894,238.526888,238.531876,238.756659,23834500,2387800,23892200,239.256151,239.266142,239.286125,239.301104,239.321087,239.685733,239.870535,239.910501,239.975437,23914000,2392000,2392600,2394400,240.080339,240.150263,240.160254,240.180237,240.275132,240.290127,240.350059,240.419999,240.509906,240.554859,240.634775,240.64977,240.78463,240.819592,240.834572,240.89452,240.944477,240.999421,24013600,2405200,241.079337,241.109311,241.159253,241.264154,241.314096,241.354061,241.389023,241.518896,241.54887,241.723696,241.813603,241.933484,242.048362,242.048362,242.083339,242.13328,242.14826,242.163255,242.163255,242.183237,242.183237,242.253162,242.258165,242.268141,242.308106,242.507903,242.517894,242.552857,242.572839,242.882541,242.927494,242.932482,242.977436,24212700,2424000,2425200,24257500,243.022389,243.057367,243.257163,243.262151,243.262151,243.312108,243.352058,243.357062,243.671751,243.801624,243.901522,2438200,2439400,244.006409,244.0164,244.036383,244.11131,244.241183,244.35606,244.366052,244.406017,244.485933,244.505915,244.630785,244.67075,244.785628,244.830596,244.960454,244.98544,24414100,2445200,24459400,2448700,245.005422,245.015398,245.050376,245.21521,245.424998,245.484931,245.514905,245.614804,245.624795,245.719705,245.744676,245.759655,245.989426,245.99443,24503600,24507900,24541300,24562600,2456800,246.069357,246.254174,246.324099,246.438992,246.57884,246.763657,246.913512,246.968457,24634900,24670400,247.258161,247.278144,247.467964,247.512918,247.672749,247.677752,247.702723,24708000,24716200,2471900,2475100,2478300,2479700,248.137294,248.252171,248.392035,248.526896,248.536887,248.706725,248.711713,248.746675,248.836597,248.901518,248.936496,248.981449,2481300,24829000,249.016411,249.016411,249.051373,249.086335,249.111322,249.121313,249.146284,249.281144,249.286147,249.610813,249.765656,249.765656,249.77066,249.790642,249.860567,249.935494,249.950474,24919600,2496400,24977900,250.170253,250.385044,250.499937,250.604824,250.699734,25018100,251.054374,251.169267,251.179258,251.224212,251.249182,251.603822,251.888538,25171300,2517700,25197200,252.098341,252.11332,252.133303,252.188248,252.22321,252.248181,252.248181,252.368062,252.423007,252.44299,252.492946,252.547891,252.692743,252.907519,252.932505,252.937493,252.947485,2527000,2528200,2529200,2529400,253.052386,253.147281,253.282157,253.511928,253.646788,253.731707,253.746686,253.75169,253.796643,253.88655,253.931504,25337300,2538400,254.046397,254.221223,254.246193,254.271164,254.500935,254.570859,254.625804,254.625804,254.730706,254.745685,254.745685,254.820613,2545600,25488200,255.185259,255.250195,255.41503,255.444989,255.689754,255.839594,255.99944,256.119321,256.184258,256.214232,256.374063,256.473961,256.483953,256.743682,256.798642,256.83362,256.898556,256.983444,2562100,25633200,2566700,25679600,257.098352,257.108329,257.243189,257.263172,257.273178,257.303137,257.343103,257.368073,257.487939,257.492958,257.617812,257.692754,257.742696,257.752703,257.787649,257.797656,257.86758,25702300,2575000,2576100,2579900,258.08736,258.107342,258.511924,258.786663,258.806646,258.866564,258.871582,258.936518,258.951482,2584700,259.151279,259.161286,259.256181,259.326105,259.416043,259.575874,259.760676,259.800641,2591100,2592100,25949000,2596800,25990900,260.070362,260.190258,260.255195,260.270189,260.320131,260.40505,260.504933,260.549886,260.564881,260.829614,260.914533,26017900,26073400,261.064388,261.089359,261.279179,261.38405,261.498959,261.753685,261.758703,26110200,2612900,2619700,262.128307,262.158297,262.163285,262.228221,262.243216,262.263198,262.288169,262.31314,262.388052,262.492954,262.537907,262.547914,262.587849,262.602843,262.627814,262.632833,262.792664,262.882571,262.947507,262.952495,2629100,263.127321,263.137328,263.15728,263.167287,263.257194,263.32213,263.37709,263.382078,263.447014,263.48698,263.581875,263.636804,263.766677,263.771695,26306800,2632000,26330200,26340700,264.11134,264.146318,264.156294,264.206235,264.246201,264.266183,264.33112,264.49597,264.510934,264.555887,264.640806,264.690778,264.705742,264.74072,264.795649,264.865604,264.925522,264.940516,264.965487,26412800,26443900,265.035411,265.085383,265.295156,265.360092,265.380075,265.469982,265.554901,265.679785,265.729727,265.734715,265.769692,265.859599,265.954494,265.984484,2654200,26568500,2657200,2658000,266.079379,266.144315,266.244198,266.29417,266.309134,266.454001,266.468996,266.633815,266.678769,266.728741,266.738717,266.748723,266.868589,266.878565,266.903567,266.908555,266.958496,2660600,2669700,267.043415,267.098375,267.213253,267.258206,267.268182,267.368096,267.383091,267.393067,267.41305,267.458003,267.532915,267.627841,267.79266,267.907538,267.932539,267.952522,2677900,268.232219,268.317138,268.377086,268.571895,268.61186,268.626824,268.716731,268.836627,268.846604,268.861598,26806000,26813100,2682900,2685500,269.011453,269.151302,269.231233,269.271198,269.331146,269.401071,269.431029,269.436017,269.73074,269.880595,269.895559,26921500,2699000,270.015455,270.080391,270.11035,270.140309,270.195269,270.210264,270.260205,270.380071,270.425025,270.504955,270.544921,270.779695,270.879578,270.939526,2700900,27068400,271.00945,271.00945,271.059392,271.129347,271.249213,271.319137,271.339119,271.379085,271.399068,271.683783,271.758696,271.778678,271.963511,2710500,27194600,272.038423,272.223256,272.328127,272.333145,272.388075,272.393063,272.737727,272.942511,272.972501,2725900,2726100,273.02743,273.042425,273.062408,273.067396,273.152315,273.257216,273.861594,273.871601,273.976503,27345400,27386900,274.021456,274.03642,274.051415,274.226241,274.231229,274.456027,274.47601,274.650835,274.72076,274.730736,274.775689,274.80066,274.985492,2743600,275.225255,275.250225,275.275196,275.275196,275.584882,275.769715,275.784679,275.804662,2756600,27567000,276.13935,276.199267,276.21925,276.568902,276.768698,276.808664,276.828646,276.8736,276.988478,27614900,2764200,2768600,277.018467,277.223252,277.223252,277.243234,277.577891,277.712752,2779500,278.272207,278.337143,278.387085,278.472004,278.656836,278.956516,27881400,279.216261,279.24622,279.720756,279.770697,279.815651,279.820669,27925000,27927600,280.070407,280.170321,280.250221,280.265216,280.400077,280.784706,280.90956,280.944537,280.959532,280.974496,281.064433,281.159328,281.219276,281.309183,281.488997,281.603875,281.823654,281.868608,281.873596,281.893579,281.97351,2814500,28150400,28192500,282.058429,282.268201,282.318173,282.323161,282.497987,282.827656,282.917563,282.917563,28218100,2822300,2828300,283.072406,283.097377,283.217274,283.277222,283.352134,283.367129,283.462024,283.467012,283.641838,283.726757,283.766722,283.796681,283.82667,283.836646,283.966519,2831300,284.116374,284.216257,284.261241,284.366112,284.446043,284.461038,284.495984,284.695781,284.710776,284.770724,284.920579,284.955526,284.995491,285.020462,285.140358,285.205295,285.220259,285.310166,285.455033,285.470027,285.624871,285.739748,285.824667,2850200,2855200,286.079424,286.119359,286.209296,286.214284,286.314168,286.419069,286.803698,286.858628,286.958542,2860200,28605100,2863800,2868000,2868200,28692800,287.173333,287.213268,287.393112,287.852654,287.852654,287.86263,287.937542,287.962543,287.972519,28728000,28747700,28793200,2879800,288.037456,288.067414,288.077421,288.372113,288.397084,288.457032,288.467038,288.472026,288.472026,288.556945,288.791689,288.826666,288.891602,288.966515,2888100,2889300,289.00648,289.011499,289.03647,289.211295,289.22626,289.231278,289.481016,289.58093,289.590906,289.700796,289.710772,289.710772,289.710772,289.745749,289.745749,289.765732,289.860627,289.915587,289.93557,289.945546,289.995487,28927200,290.060424,290.090413,290.12536,290.140354,290.175332,290.18032,290.210279,290.280203,290.355146,290.475012,290.55993,290.574925,290.629855,290.764746,290.789717,290.884611,290.91457,290.984525,2907300,2907700,291.174315,291.199286,291.209293,291.209293,291.209293,291.214281,291.214281,291.254246,291.289223,291.484001,291.54395,291.56892,291.718776,291.883625,291.903608,2918200,29183500,292.118369,292.178317,292.213294,292.263236,292.468021,292.57791,292.57791,292.6079,292.697807,292.702795,292.712801,292.832667,292.857638,292.862626,292.887627,2920800,29288200,293.087424,293.092412,293.15236,293.23226,293.252243,293.277214,293.462046,293.516976,293.546965,293.621878,293.801692,293.821674,2933300,2935500,2936100,2938500,294.206303,294.21628,294.630868,294.640874,294.70581,294.855666,294.945572,294.950561,294.960537,294.960537,294.975531,29417800,2942100,2946300,295.105404,295.120398,295.315176,295.455055,295.455055,295.47005,295.534986,295.544962,295.559957,295.589916,295.604911,295.809695,295.859637,295.90459,29533600,296.024487,296.234259,296.244266,296.274225,296.673849,296.688813,296.728778,296.753749,296.873645,2966200,2968000,2968600,297.013494,297.143366,297.153342,297.158361,297.173325,297.18832,297.233273,297.24328,297.35317,297.37814,297.438058,297.56793,297.662856,297.73278,297.772746,297.867641,297.912594,297.912594,297.982518,29749600,29760600,2976200,298.187334,298.452066,298.502008,298.512015,298.581939,29804800,2984600,29854000,2987000,2987400,299.036462,299.04148,299.131387,299.161346,299.351167,299.39612,299.770743,299.825703,299.825703,299.880632,299.900615,300.010505,300.080429,300.095424,300.095424,300.100412,300.135389,300.175355,300.195307,300.200325,300.255255,300.260243,300.285244,300.335186,300.425093,300.709808,300.75975,300.889622,300.974541,3001300,3001700,30083200,3009500,301.234286,301.344176,301.528978,301.543972,301.698816,301.813693,301.873641,301.913607,3016500,302.018509,302.12341,302.17834,302.273235,302.3132,302.443073,302.47805,302.652876,302.732776,302.752759,302.957574,3023400,3023400,3027800,303.082428,303.082428,303.097423,303.192318,303.267261,303.307226,303.327209,303.422104,303.472045,303.482052,303.611924,303.666854,303.686837,303.691825,303.826685,303.861662,303.871638,30301800,30322200,30363900,30377900,304.106413,304.231297,304.241273,304.271262,304.351163,304.426106,304.476047,304.481035,304.506006,304.555978,304.575961,304.620914,304.645885,304.715809,304.770739,304.800728,3041500,30474900,305.105426,305.165344,305.185327,305.205309,305.215316,305.235299,305.250263,305.355165,305.425089,305.430107,305.534978,305.609921,305.689822,305.69484,305.794723,305.864648,305.959573,30561000,3059300,306.089446,306.194317,306.374161,306.394144,306.444085,306.524016,306.543968,306.578946,306.693824,306.748784,306.798725,306.818708,306.838691,30661400,30676400,30687300,307.183354,307.19333,307.283237,307.428105,307.448087,307.493041,307.667867,307.687849,307.692837,307.697825,307.717808,307.912617,307.912617,307.927611,307.942576,307.942576,307.942576,307.972565,308.037501,308.087443,308.127408,308.287239,308.546984,308.581962,308.726798,308.806729,308.816705,308.881641,308.886629,308.931613,308.981555,308.991531,3082800,3083200,3085400,309.181351,309.391155,309.461079,309.645881,309.680858,309.745795,309.780741,309.870648,3090000,3092400,310.255278,310.315226,310.604929,310.689848,310.889645,310.919604,310.949593,31018800,31045100,31048300,3107900,311.054464,311.124419,311.129407,311.214326,311.259279,311.384164,311.573954,311.683844,311.763774,311.778769,311.798721,311.823723,311.9386,311.988542,3110700,3113200,312.098432,312.18335,312.208321,312.228304,312.318211,312.383147,312.383147,312.503043,312.51302,312.597938,312.612933,312.667863,312.667863,31288700,313.062468,313.072475,313.072475,313.117428,313.397156,313.761772,313.976563,31310000,3134800,3136400,314.061482,314.151389,314.506029,314.511017,314.536018,314.725808,314.870675,31434700,315.105449,315.525025,315.559972,315.719834,315.834711,315.844688,3151100,3151200,3154500,31549100,3158300,316.024532,316.13941,316.169369,316.254288,316.424125,316.429113,316.499038,316.673864,3162500,31696200,317.163394,317.258289,317.662871,3170100,3170300,3170500,3174900,3177300,318.377169,318.507041,318.806752,31807000,319.46609,319.491061,319.496049,319.531026,319.670874,319.805735,319.950602,3195600,3198400,320.300254,320.345207,320.520033,320.679864,320.794742,320.85469,320.879661,320.974587,320.989551,3200200,3201200,3204800,3205600,3207600,321.089464,3216000,322.033518,322.62792,322.702863,3221600,3222000,3222400,3224300,3224800,323.042508,323.137403,323.187375,323.267275,323.307241,323.88166,323.946596,3233200,3235000,3237800,3238000,324.301267,324.341201,324.685865,325.050512,325.180384,325.81974,325.949612,326.274293,326.583979,32601000,3265900,3266300,3267300,3268900,327.553004,3273700,3277500,32783300,328.172376,3280500,32834800,3283900,3284500,3284900,3285500,329.176378,329.196361,329.675885,329.930642,329.945606,3292200,3294800,3298800,330.245316,33005300,3304600,3307000,331.184382,331.65393,3310200,3314700,33148100,33188400,3319100,332.373186,332.602972,332.617967,332.667908,3323300,3323800,3326400,333.227333,333.437136,333.651927,333.771793,333.80677,333.921648,333.996591,3330800,3335500,33383800,33385000,3338800,334.276288,334.281307,334.421155,334.650911,3343800,3345800,3346000,3349000,3349200,335.020545,3350400,336.09949,336.339252,336.449142,336.963613,3361100,33617600,3362700,3362700,3364700,3364700,337.238352,337.433161,337.548038,337.573009,3371700,3372700,338.012568,338.062509,338.232347,338.25233,338.287307,338.312278,338.347225,338.542034,338.976604,338.996587,3380300,3380500,3380900,3381900,3382100,3382900,339.276315,339.810768,339.835739,3390700,3397200,340.020572,340.180403,340.425153,340.500096,340.520079,340.555025,3402400,34058500,3408400,341.139451,341.494091,341.738841,341.763812,3414300,3416500,342.203371,342.253343,342.323267,342.368221,3422100,3429100,3429500,343.452123,343.567031,343.616973,343.661926,3432500,3436400,3436800,3437800,3438800,344.501078,344.635969,3440600,3443000,34471600,3448200,345.095511,345.170423,345.220364,345.39519,345.600006,345.74983,345.784808,3450000,3452800,3456000,3457600,346.154442,346.574018,346.67892,3461800,3462400,3463000,34673400,347.038548,347.153456,347.27831,347.997596,3478300,3478900,348.092491,348.152439,348.432167,348.836748,348.906703,3481100,3483500,3489900,349.251336,349.326279,349.35125,349.655948,3496900,3496900,350.015576,350.020594,350.035559,350.62996,350.914676,350.999595,3504500,3507200,351.084514,351.254352,351.903714,3510000,352.667923,352.722883,352.792807,3524300,3526900,3527700,3528300,3529300,353.147447,353.337268,3530100,3532500,35332900,3534500,3537700,354.081525,354.396199,354.486137,354.635961,3544600,355.065544,355.270329,355.305306,3551800,3556400,35636800,35646900,3567200,35675500,3567600,35677700,3568000,3568600,35693600,357.078536,357.238367,357.273344,357.458146,35739200,3575200,3576600,3577800,3578000,358.781841,358.851765,3581700,359.695936,360.030593,360.17543,360.819804,36082800,361.264351,361.264351,361.474154,3612500,3618100,362.103533,362.463161,3620900,3623100,36251100,3628100,363.387232,363.696918,3635300,36401600,3641300,3643500,3645900,3646100,3651900,3655800,3656400,3658200,3659600,366.104515,366.284329,366.628993,36607800,3662400,3662600,3667000,367.008634,36700500,3671800,36734400,3676400,3677200,36797900,368.617014,368.691926,3685000,3686400,3686400,369.626004,3690300,3692300,3698700,370.120523,370.370261,370.380268,370.525104,3702900,37039700,3709100,371.673973,371.908717,371.978672,3711500,372.003642,3721600,3729500,3730300,3731300,3731900,3737100,3738500,3738700,374.206424,374.316314,374.990647,3745100,3749900,375.365269,3751100,3751700,3752300,3755300,3757500,3758300,376.354307,376.459178,376.464197,376.539109,376.728929,376.873766,3761500,37620000,3764400,377.368285,377.468168,377.87278,37705300,3773000,3775600,378.11753,378.542094,37819100,3786600,3787800,379.131508,3793200,3795400,3796200,3796600,3797000,3797800,380.510132,380.869791,3801300,3808300,3809500,38107600,3814100,3817200,3817800,38197500,382.488177,382.573096,3820000,38215600,3827600,3829400,383.442207,383.642004,3832600,3832800,384.700966,3841100,3847700,3851500,3852900,3855000,3856100,3857300,386.589073,3860500,3862900,3867300,387.038638,387.413261,3872600,3879200,38796000,388.437215,3883800,3883800,3885600,3886400,389.960707,3894800,3895400,3898600,390.575091,390.819841,390.889796,3901800,3904800,3905000,3907600,3908100,3909500,391.039621,391.134546,3911900,3912700,3915000,3916200,392.293391,3921000,3923000,3924800,3927000,393.517173,3930400,3931800,3932600,3932800,3935600,394.631034,394.670999,394.69597,394.800871,394.990692,3943200,3948700,395.834832,3953500,3953700,3953700,39583300,396.049623,396.289386,396.698985,3961300,3963300,3966100,3966700,3969300,397.138544,397.3683,3970100,3970500,3971900,39727000,3973500,3974500,3978300,3979100,3980700,3980700,39814800,39828600,3988800,399.456234,399.491181,399.536135,399.656031,3990400,3998200,3999200,400.195503,400.200491,400.310381,400.929754,4003800,4005200,4005200,4009600,4010000,4010400,4012600,4014100,4014800,4019600,402.693007,402.697995,4027400,4029400,403.022676,403.492194,403.547154,4030200,4031600,4033800,4036800,4037600,404.146544,404.416265,404.750953,4041800,4043600,405.225458,405.255448,405.804896,4051600,4053400,406.114582,406.319367,406.743962,406.948746,4061900,4064500,4067300,4068500,4072500,4073300,4073900,4074500,4076100,4080900,4089100,409.121569,409.805909,4091400,4095000,4096000,4097600,4098200,410.340363,410.360345,4101000,4105000,4106600,411.87383,4110400,41124800,4113800,4114400,4115500,4116900,412.243465,41200,4120700,4123100,4124300,4125300,4127600,4128000,4128600,413.392303,4131000,4131800,4132600,4135600,414.391317,4149000,415.275422,415.345377,415.884819,4154200,4155200,416.993723,4160800,4162000,4163400,4164100,4167900,4171700,4172500,41764100,4178500,4179900,418.88183,4184500,4186700,41922600,4192900,4194300,41991500,4199500,4199700,4199700,4200600,4203200,4207200,4212000,4213000,4214000,4214400,4218100,4218300,4219900,422.438296,42206900,4221100,4222900,4225300,4229300,423.02771,423.851867,4233100,4233500,4237600,424.651084,4240200,42483600,4248600,4249800,4249800,4252800,4257200,4257600,426.409319,427.288437,427.503228,4270000,4270200,4271800,4276100,42790700,428.027706,428.187537,4283300,429.121615,429.401342,429.421325,429.76097,4292700,42936800,4298500,430.345396,4300700,4302900,4302900,4304100,4305100,4305100,4308500,431.88884,4311400,43152600,4318100,432.278457,432.393335,432.438319,432.668074,432.762969,4329500,433.382372,433.687071,433.722018,4330700,4339700,434.231501,434.461287,434.471263,434.67109,434.945799,4340300,4340900,4341300,4342500,435.175585,435.305427,435.38037,435.555195,435.560183,435.739997,4350000,4351600,4351800,4352200,4354800,436.22451,436.379383,436.389359,436.419318,4360600,4361800,4363200,4367000,437.083675,437.518246,437.608153,437.618129,437.758008,4371600,438.062675,438.097653,438.177584,438.327439,438.647101,4381600,4384100,4384900,4389500,4389700,4389700,439.341417,439.351393,439.426336,439.466301,439.676074,439.745998,440.025726,440.185557,440.195564,440.565198,440.695071,440.715053,440.954815,4401300,4401600,44037900,4407100,441.928828,4411300,4411900,4414300,4414700,4417600,442.233526,442.313457,442.613137,442.683092,442.772999,442.807945,442.977783,4421500,4425500,4425700,4425700,4426100,44297300,443.057714,443.107656,443.407366,443.432337,443.437325,443.497273,443.552202,443.582192,443.891878,443.951796,4431300,4433100,4433700,4436900,4437100,4439500,444.091675,444.266501,444.666094,444.760989,444.880885,4449500,445.015746,445.884887,4453300,4456000,446.084684,446.299475,4461000,4462600,44640200,4466600,4468400,447.64811,447.837931,447.852926,4472200,4472400,44781400,4478200,448.567193,448.747038,4481200,44871300,449.860899,449.890888,4491000,4492000,4492500,4499700,450.999761,4500500,4501700,4506700,4507100,4508300,4508300,451.104663,451.209564,451.449326,451.484304,451.65913,4518400,452.048716,452.09367,452.168613,452.543235,452.832939,45220600,4526800,45271600,4527400,4529100,453.032735,453.81197,4531500,4531900,454.136651,454.885896,454.895872,4540100,4542100,4543500,4545700,4546300,4548500,4562300,45653100,4567200,457.488302,4573600,4576400,4577800,458.816985,4580000,4585000,4585400,4586800,4589600,459.34645,459.661125,4592600,4595600,45956300,4598200,4601600,4602900,4604900,461.039749,461.88392,4610700,4611500,4612100,4613900,4617100,4618800,4625000,4630600,4631800,4636800,4638700,4638900,4642100,4644500,4652100,4652300,4653700,4654700,4656700,4657900,4658700,4661700,4666100,4667500,4667700,4668900,4670300,4670500,46749000,4675000,4678400,4682800,4686200,4689000,4690400,4691200,4693000,46948800,4695000,4697200,4699400,4700200,4700400,4701400,4703200,4703400,4707200,4708600,4709200,4710800,4716100,4719800,4722400,4726000,4748100,4748900,4754100,4770100,4777500,4778100,4778700,4785600,4790600,4794200,4797400,4800800,4803200,4806800,4809400,4810600,4814000,4814800,4817800,4818900,4819500,4820100,4820300,4821600,4823600,4826400,4828600,4832200,4832600,4835200,4838000,4838400,4838400,4839400,4844200,4847400,4849000,4855800,4858900,4869900,4870100,4872700,4873500,4874900,4879300,48828200,4883500,4888300,4888900,4893200,4898000,49.95513,4903200,4913400,4916400,4920700,4924500,4925100,4926700,4934000,4941200,4951800,4955000,4955200,4955800,4957600,4958600,4963800,4969900,4980100,4982500,4983700,4992500,4993900,50.075011,50.119968,50.704382,50.739348,50.954132,5009200,501.149699,5010600,5011600,5012400,5012600,5014400,502.997872,5027500,503.472377,5034700,5036100,504.791084,5044000,5044600,5046000,5047400,505.200653,505.385486,5054000,5057800,506.993866,5064000,507.09378,507.508367,5074000,5078900,5080700,5081900,5083500,5083900,5088100,509.962321,5093100,5096700,5099100,5099700,5099900,51.098988,51.103983,51.133953,510.250622,510.645227,510.865006,5100500,5101500,5105100,511.002313,5114000,5114800,5117600,512.088788,512.263613,512.543341,5124300,5125300,5125500,513.00787,5134700,5137500,5137700,5139100,5139300,514.696181,514.776112,5140300,5144500,515.14233,515.1907,515.260594,515.430432,515.720166,5150200,5154800,5155600,51594400,516.182352,516.264626,516.519352,5161600,517.09876,517.152359,517.603255,5175000,51758800,5176800,5177400,5179200,518.732375,5181200,51822000,5187700,5189900,519.982324,5192700,5199100,5199300,5199900,52.382705,52.612476,52.947145,520.632362,5203500,5207100,5209100,5213300,522.443481,5221000,5221400,5230900,5236500,5237500,5245900,5246900,525.162363,5256500,526.104818,526.652412,526.662388,526.714214,526.942391,5260000,5266800,527.70241,527.812392,527.932411,5272200,528.14275,528.562356,528.622414,528.677234,528.862391,5282000,5285400,5288000,529.266617,529.772418,529.866038,529.922427,5292000,5297300,5298700,53.022069,53.696398,53.90119,530.602392,5304300,531.024914,531.352435,5316100,5319500,532.522392,5322400,5323200,533.092437,5333300,5337900,534.396516,534.401535,534.446458,534.812425,5342100,5346300,535.954985,5353500,5356500,5357500,5357700,5358900,5359500,536.1024,536.442444,5360700,5361100,5365700,5369000,5369200,5371000,5372000,5374600,5376200,538.107795,538.152456,538.53242,538.942465,5388200,5390200,5392800,5394600,5395200,54.10099,54.645447,540.952433,5405900,5406700,5408700,5408900,541.789145,541.834068,5411300,5412500,5414700,542.56838,5422800,5427400,5428600,543.012465,543.14246,5436000,544.282488,544.662436,544.94244,5443700,54448200,545.062459,5450500,5451900,5451900,5459900,5467500,5478300,5480000,5481600,5485000,549.761182,5492200,5496600,5497800,55.689407,55.944152,550.065849,5504600,551.352476,551.762475,551.948999,5511000,5514400,552.702492,552.908048,5527400,553.372481,553.902499,553.932488,5532000,5532200,5534600,554.176782,554.902495,554.902495,5544000,5545200,5546000,5547600,5549000,555.365586,5550400,5551000,5551400,5553100,556.004972,556.332503,556.362492,556.54249,556.972503,556.993949,5568300,5571900,5573700,5575300,5578900,558.102883,558.172777,558.462551,558.642325,558.842499,5587700,559.796182,559.892559,559.992565,56.928171,560.082534,560.552511,560.930026,560.94502,5601200,5601200,5604800,5608400,561.35459,561.682564,5610400,5614200,562.122552,562.732562,5626600,563.362525,5630800,5639200,5639800,564.142557,564.526426,564.556416,564.622572,564.952579,5644800,5647400,565.072537,565.420539,565.952575,5653200,566.072533,566.149832,566.376589,5660200,567.002574,567.128832,567.162558,567.882551,5672100,5678900,568.512445,568.772565,568.862096,5685300,569.742571,5690700,5696100,5699800,570.045943,5701600,5703600,5706800,571.029962,571.092587,571.102563,571.602592,5716400,5728100,573.152619,573.482626,573.732579,573.737269,5733100,5738200,5739800,574.126886,574.652582,574.691299,574.782577,5740800,5742200,5749200,5749400,575.282606,5751600,5751800,5758200,576.002598,576.08259,5766600,5767200,5767400,5767600,577.242632,577.533436,578.387583,578.652627,578.782219,5788300,579.182645,579.401591,579.471546,5795100,58.686414,58.86124,5800700,581.269747,581.929085,5811200,5813200,582.162619,582.252649,582.33766,582.662648,582.672624,5820200,5820800,5828100,58303800,5831900,5834900,5836500,584.732656,584.782659,584.872627,5845600,585.612633,585.81522,585.880095,5853600,5855000,5858600,5859000,586.862643,5862800,587.42265,5873200,5875000,5875200,588.132849,5884900,5885500,589.022681,589.472645,589.896102,5895700,5895900,59.071031,59.130972,59.620484,59.855246,590.602697,590.930063,5906900,5909100,5910100,592.753234,593.352671,593.937081,5933900,5938500,594.496536,594.742713,5941900,5943700,595.082696,595.455584,595.982686,5957200,5958600,5958800,5963000,597.983016,5977000,5977400,5980800,5989200,599.027014,599.351695,599.396618,5994300,5994700,5995700,60.349754,600.570489,600.745284,600.800244,6000300,6002900,601.294763,601.454563,6020500,6021900,6024600,6024800,6025000,6028900,603.047979,6031900,6032300,6038300,6039900,604.836204,6044300,6044500,605.025994,605.180837,605.650385,6056300,6057300,606.789247,606.849165,6060700,6062700,6062700,6064400,607.21883,6070400,6079800,608.522511,608.997078,6081400,6082000,6084200,6086600,609.196844,609.391653,609.476541,6091200,6093400,6096800,6097400,6103700,6105100,6106700,6107100,6109700,6111700,6115700,6122100,6123000,6123800,6126600,6134000,6134400,6138700,6139700,6140700,6142900,6147100,6148300,6155500,6173800,6176400,6189800,6193400,6195600,6197200,6197200,6201800,6211300,6219700,6220500,6222500,6232200,6232200,6238000,6240000,6241200,6251500,6255700,6259300,6273500,6279500,6282800,6286600,6297200,63.366744,6306800,6330600,6332200,6333400,6335600,6340400,6343600,6350800,6359700,6360700,6369300,6372500,6376100,6376900,6379300,6379900,6382300,6390700,6391300,64.735377,6401200,6418800,6421000,6425100,6428200,6430000,6441000,6443200,6444200,6457000,6459800,6459800,6472500,6474500,6475700,6476500,6477700,6480700,6482300,6490100,65.474638,6512400,6525700,6529300,6529700,6534100,6537800,6541200,6543000,6547600,6551200,6560200,6562000,6572200,6575700,65773900,6583700,65844300,6585100,6585900,6590300,6591500,6599900,66.223891,6610500,6613800,6621800,6627100,6631900,6633300,6639500,6641100,6643100,6643300,6646500,6650600,6652000,6663800,66659100,6668000,6669200,6669600,6669800,6670000,6670400,6671200,6676400,6692700,6693700,67.462651,67.56255,6717100,6728500,6732700,6732900,6738900,6739900,6742900,6751500,6769200,6776800,6780600,6783200,6785600,6786200,6787600,6790400,6790600,6796100,68.471649,68.631488,68.796322,6807300,6809500,6811300,6819300,6830900,6837700,6837700,6851300,6868600,6874200,6879400,6882800,6888600,6893400,6894600,69.116,69.355762,6902000,6908100,6908900,6915100,6915500,6917100,6922700,6951300,6951700,6956700,6962900,6964900,6977200,6982400,6983800,6991000,70.174947,70.379739,70.929195,7001200,7006200,7007400,7012700,7024700,7026100,7029800,7030400,7039000,7040400,7053500,7054500,70647100,7076500,7078300,7082700,7089400,7092000,7095000,7099600,71.983139,7108200,7112000,7117800,7125900,7128600,7129000,714100,7147600,7150000,7154200,7168300,7190500,7195800,7215200,7215800,7219400,7228300,7233400,7247000,7248000,7248200,7256200,7261000,7262000,7263000,7268300,7272100,7278100,7278900,7280900,7283700,7292500,7294500,7296100,7298900,73.896232,7300500,7303300,7307000,7309600,7311800,7320800,7328700,7330300,7331100,73316500,7336100,7336700,7337900,7342200,7343800,7350800,7354600,7361400,7368600,7374400,7375800,7380500,7386700,7387700,7389100,74.505621,74.615511,7400100,7401700,74060200,7415000,7417000,7418400,7419400,7431500,7438100,7448700,7449700,7476000,7487500,7501700,7506500,7510300,7520100,7535300,7536300,7538700,7558700,7561200,7582200,7583600,7585800,7588800,7607900,7609900,7613100,7617100,7625300,7630000,7639700,7652500,7653500,7654300,7668500,7680000,7706700,7712700,7713900,7715700,7718100,7725100,7727100,7732400,7733000,7740800,7741200,77413400,7759100,7759900,7774300,7788000,7790200,7794200,7795600,7808800,7814000,7817100,7836600,7842000,7843200,7853700,7853900,7862700,7864500,7864500,7869900,7879300,7881300,7884700,7891200,7891600,7898200,7900,7900400,79170700,7917800,7923200,7929500,7956200,7958400,7961800,7963300,7969500,7979500,7982300,7983700,7987100,7993900,7994300,8001600,8006400,8006800,8027600,8039600,8041200,8046400,8047200,8076700,8086500,8110000,8115000,8117600,8118400,8119000,8121600,8131100,8139300,8141500,8155600,8165600,8168000,8179000,8183900,8188700,8197700,82.467673,8201900,8223000,8236700,8244900,8253100,8253300,82541500,8262800,8268800,8270400,8275200,8279600,8280600,8286800,83.676468,83.686459,83.846298,8301100,8305700,8311900,8322500,8324300,8339100,8348700,8359100,8359300,8359900,8368000,8370600,8378400,8392200,8393200,84.265882,84.590555,84.615533,84.905237,8450700,8456100,8462900,8477600,8488600,8493800,8494600,8495200,8498200,85.140003,85.629519,85.739409,8510300,8511900,8515700,8542200,8545000,8550100,8551100,8555700,8560500,8572900,8574900,8576100,8580100,86.129018,86.16398,86.183963,86.188959,86.628517,8639800,8642800,8646000,8654200,8661500,8664300,8665700,8666700,8671100,8682500,8689500,8695400,8695800,87.292859,87.407744,87.712435,8705000,8708800,8713400,8716200,8717800,8723000,8723600,8724400,8726000,8739800,8740200,8743200,8743600,8744000,8746200,8768300,8770300,8784300,8785100,8785900,88.057091,88.147006,88.471679,88.811339,8807000,8813800,8824000,8833500,8840000,8847600,8852400,8872800,8875300,8877500,8882700,8889500,8890900,8896100,8898100,89.21094,89.215936,89.255894,89.400753,89.535621,89.555597,89.605546,89.610541,89.69546,89.800354,89.890261,89.900253,89.930227,89.930227,89.950202,8905900,8926000,8928200,8933900,8952000,8953400,8966000,8970000,8980800,8982200,8997100,8999700,90.110048,90.135019,90.164993,90.269887,90.349803,90.434722,90.584569,90.619539,90.809344,90.899259,90.90925,9003300,9009500,9022600,9035100,9092200,91.418741,91.783372,9102100,9102500,9127900,9134700,9166700,9172400,9181600,9189400,9198600,92.257901,92.342819,92.407748,92.417739,92.497663,92.507654,92.552607,92.842319,92.857306,92.892268,92.937221,9210100,9217500,9224500,9224900,9232100,9232700,9255900,9277000,9293200,93.057102,93.391767,93.41175,93.606551,93.606551,93.856304,93.896262,93.901258,93.946211,9310200,932400,9330100,9333900,9338800,9342600,9356100,9359100,9363500,9365900,9378900,9380100,9384300,9397600,94.046117,94.180978,94.190969,94.31085,94.350808,94.51565,94.525634,9418000,9455800,9457800,9460300,9483900,95.07509,95.224937,95.589576,95.604563,95.629534,95.69447,95.739424,95.854309,95.859305,95.929237,9504400,9511200,9517400,9519800,9533300,9544400,9562600,9576100,9587100,96.283884,96.298863,96.353808,96.368795,96.398769,96.518651,96.553613,96.658507,96.673494,96.783383,96.828337,96.863307,96.878286,96.883282,9619800,9624200,9633800,9639300,9673200,9697300,97.15301,97.337827,97.432738,97.517649,97.567598,97.592577,97.712458,97.91725,97.91725,9706300,9707900,9716400,9724200,9726200,9726200,9729200,9733200,9742900,9752800,9753600,9764200,9784800,978600,9794900,98.551617,98.701465,98.85132,98.876291,98.951218,9809700,9814500,9824800,9830800,9836400,9848500,9850100,9852100,985400,9854700,9863400,9866000,986800,9879800,9885800,9891400,9898300,99.106061,99.220947,99.885288,9901700,9922700,9930500,9941500,9956900,9973800,9991200,9991800,9992600,9993800
